{
  "model": {
    "name": "TFT_Microgrid_JS",
    "params": 70659,
    "train_time_s": 288.701059116,
    "time_per_epoch_s": 14.4350529558,
    "test_loss_mse": 1.0405797958374023,
    "test_mae": 0.883234441280365
  },
  "inference": {
    "mean_ms": 24.258439381993377,
    "std_ms": 3.402299717150761,
    "p50_ms": 22.879155000206083,
    "p95_ms": 31.51264900015667,
    "p99_ms": 36.215998999774456,
    "throughput_pred_s": 41.222767229712346
  },
  "memory": {
    "rss_mb": 604.75,
    "heap_total_mb": 197.8359375,
    "heap_used_mb": 32.20619201660156
  }
}