{
  "seq_len": 24,
  "n_features": 3,
  "n_targets": 3,
  "feature_cols": [
    "Consumption",
    "Solar",
    "Wind"
  ],
  "target_cols": [
    "Consumption",
    "Solar",
    "Wind"
  ],
  "X_mean": [
    18.461264233695115,
    10.175004865963137,
    22.75542442718027
  ],
  "X_scale": [
    7.945539209954555,
    17.735360057009746,
    38.20208227235522
  ],
  "y_mean": [
    18.451415784607278,
    10.183678098468214,
    22.750694662407966
  ],
  "y_scale": [
    7.942435188445631,
    17.738439955861537,
    38.216649388603116
  ]
}