{
  "loss": [
    0.9225958585739136,
    0.6959120631217957,
    0.5880914330482483,
    0.537728488445282,
    0.5274685025215149,
    0.5045391321182251,
    0.49194177985191345,
    0.48199692368507385,
    0.4789623022079468,
    0.4806806147098541,
    0.47545552253723145,
    0.463528573513031,
    0.458366721868515
  ],
  "mae": [
    0.7845047116279602,
    0.6422958970069885,
    0.5756918787956238,
    0.5403514504432678,
    0.5328396558761597,
    0.5147375464439392,
    0.5055730938911438,
    0.498902291059494,
    0.4967261254787445,
    0.4979669749736786,
    0.49386271834373474,
    0.4852588474750519,
    0.48192110657691956
  ],
  "val_loss": [
    0.7733195424079895,
    0.5815179944038391,
    0.4791582524776459,
    0.4413163661956787,
    0.4356423318386078,
    0.4365941882133484,
    0.41922301054000854,
    0.4119693338871002,
    0.42104557156562805,
    0.4516441822052002,
    0.4425675570964813,
    0.432984322309494,
    0.44724240899086
  ],
  "val_mae": [
    0.6758385300636292,
    0.5670197010040283,
    0.5108138918876648,
    0.47993582487106323,
    0.47716620564460754,
    0.4790765047073364,
    0.46570563316345215,
    0.4587401747703552,
    0.4676802158355713,
    0.4882338345050812,
    0.47887861728668213,
    0.4740792214870453,
    0.4834924638271332
  ]
}