{
  "seq_len": 12,
  "output_len": 96,
  "lstm_units": 128,
  "n_features": 10,
  "n_targets": 4,
  "feature_cols": [
    "VA",
    "VB",
    "Fre",
    "Temp",
    "temp_2m",
    "shortwave_radiation",
    "wind_speed_10m",
    "pressure_msl",
    "cloud_cover",
    "Generacion_Solar"
  ],
  "target_cols": [
    "Fre",
    "VA",
    "VB",
    "Generacion_Solar"
  ],
  "X_mean": [
    125.75240183260102,
    125.77957528994699,
    59.9903608233509,
    19.28017410153891,
    9.071403034464177,
    170.07067322013702,
    6.957558837754495,
    696.1800122390306,
    91.34159964253799,
    0.03401413466534674
  ],
  "X_scale": [
    1.7197169540307828,
    1.7175811244436419,
    0.008141597472086459,
    0.6066552722864994,
    2.250680423493631,
    231.83349483942604,
    3.3275018490142694,
    1.8925065825701948,
    17.390265033937265,
    0.0463666988533077
  ],
  "y_mean": [
    59.9902894797693,
    125.7210502628773,
    125.74829782735105,
    0.035686865151844396
  ],
  "y_scale": [
    0.008108571553633787,
    1.7149533896487004,
    1.7130295523464458,
    0.04790782022706131
  ],
  "train_samples": 1119,
  "val_samples": 125,
  "test_samples": 312
}