{
  "model": {
    "name": "CNN1D_Microgrid_JS",
    "params": 27907,
    "train_time_s": 9.607477455,
    "time_per_epoch_s": 0.48037387275,
    "test_loss_mse": 1.1801265478134155,
    "test_mae": 0.9165754914283752
  },
  "inference": {
    "mean_ms": 0.8891636660029181,
    "std_ms": 0.596198154198269,
    "p50_ms": 0.7166479998268187,
    "p95_ms": 1.9911550001706928,
    "p99_ms": 4.083237000042573,
    "throughput_pred_s": 1124.6523426843648
  },
  "memory": {
    "rss_mb": 401.3671875,
    "heap_total_mb": 193.3359375,
    "heap_used_mb": 101.39667510986328
  }
}