{
  "loss": [
    0.9460737109184265,
    0.6177552938461304,
    0.44782572984695435,
    0.359417587518692,
    0.34451693296432495,
    0.318144291639328,
    0.2950562834739685,
    0.2818431556224823,
    0.2747984528541565,
    0.2764429450035095,
    0.27167436480522156,
    0.2587932050228119,
    0.24610371887683868,
    0.23600834608078003
  ],
  "mae": [
    0.8026633858680725,
    0.6090568900108337,
    0.5071635246276855,
    0.44797444343566895,
    0.4380263090133667,
    0.41715291142463684,
    0.39941027760505676,
    0.3896620571613312,
    0.38416093587875366,
    0.38508540391921997,
    0.3800358474254608,
    0.36790668964385986,
    0.35752934217453003,
    0.34964489936828613
  ],
  "val_loss": [
    0.7826263904571533,
    0.48154130578041077,
    0.3118019700050354,
    0.2838268280029297,
    0.2608174681663513,
    0.2591813802719116,
    0.23724766075611115,
    0.2319977581501007,
    0.2301177680492401,
    0.23066414892673492,
    0.2423849254846573,
    0.23600918054580688,
    0.23894043266773224,
    0.23362873494625092
  ],
  "val_mae": [
    0.6894434094429016,
    0.5115460753440857,
    0.40629908442497253,
    0.38453760743141174,
    0.3687219023704529,
    0.37590983510017395,
    0.35505494475364685,
    0.3527383506298065,
    0.34717559814453125,
    0.35217413306236267,
    0.3537023067474365,
    0.3521351218223572,
    0.3629916310310364,
    0.3515889346599579
  ]
}