{
  "seq_len": 96,
  "output_len": 96,
  "d_model": 128,
  "num_heads": 8,
  "n_features": 10,
  "n_targets": 3,
  "feature_cols": [
    "VA",
    "VB",
    "Fre",
    "Temp",
    "temp_2m",
    "shortwave_radiation",
    "wind_speed_10m",
    "pressure_msl",
    "cloud_cover",
    "Generacion_Solar"
  ],
  "target_cols": [
    "VA",
    "VB",
    "Generacion_Solar"
  ],
  "X_mean": [
    125.72806445022105,
    125.75542081809472,
    59.99036651802844,
    19.305480716905393,
    9.109685822631866,
    174.69098205854579,
    7.204201591395189,
    696.2173581386011,
    91.55758675637394,
    0.0349381964361553
  ],
  "X_scale": [
    1.706766087545448,
    1.7047023656215958,
    0.008155912447978452,
    0.6089488506356511,
    2.26200137788858,
    234.79041398054136,
    3.2023148178987735,
    1.8606454870888474,
    17.38546562836444,
    0.046958082684150346
  ],
  "y_mean": [
    125.72978130083321,
    125.75685129054582,
    0.03568375434654116
  ],
  "y_scale": [
    1.704364734345477,
    1.702789725748643,
    0.04815052825650642
  ],
  "train_samples": 1059,
  "val_samples": 118,
  "test_samples": 295
}