{
  "model": {
    "name": "LSTM_Microgrid_JS",
    "params": 33731,
    "train_time_s": 101.334597532,
    "time_per_epoch_s": 5.0667298766,
    "test_loss_mse": 1.1103352308273315,
    "test_mae": 0.9021447896957397
  },
  "inference": {
    "mean_ms": 24.215232437989673,
    "std_ms": 2.700999665524314,
    "p50_ms": 23.537091999780387,
    "p95_ms": 29.32518699998036,
    "p99_ms": 33.417947000358254,
    "throughput_pred_s": 41.29632051068675
  },
  "memory": {
    "rss_mb": 519.01953125,
    "heap_total_mb": 199.6328125,
    "heap_used_mb": 85.6281509399414
  }
}